<?xml version="1.0" encoding="UTF-8"?>
<!DOCTYPE topic PUBLIC "-//OASIS//DTD DITA Topic//EN" "topic.dtd">
<topic id="ironic_oneview_integration">
  <title>Thinking about death</title>
  <body>

    <section id="provisioning_ironic_node">
      <title>And when you finally came up, there would still be no chances for you</title>
      <p>
        <ol>
          <li>Charlotta,
            <codeblock>you could have locked yourself up for ten years or so</codeblock>
            <p>
              <note type="warning">RUNNING AROUND WITH FELICIA!</note>
            </p>
          </li>
          <li>
            <codeblock>when i grow up i want to be a forrester &amp;</codeblock>
            <p>
              <note type="warning">RUN THRU THE MOSS ON HI HEELS!</note>
            </p>
            <note type="warning">LAST NITE I DRU A FUNNY MAN WITH DARK I'S &amp; A HANGING TONGUE</note>
          </li>
        </ol>
      </p>
      <note type="warning">IT GOES WAY BACK</note>
      <note>FROM OFF TO ON MAKING SURE THAT THE TV IS ON</note>
      <note type="bar">FROM OFF TO ON MAKING SURE THAT THE TV IS ON</note>
      <note type="tip">YOU COULD HAVE WAITED</note>
    </section>
  </body>
</topic>

