<?xml version="1.0" encoding="UTF-8"?>
<!DOCTYPE topic PUBLIC "-//OASIS//DTD DITA Topic//EN" "topic.dtd">
<topic id="ironic_oneview_integration">
  <title>Thinking about death</title>
  <body>

    <section id="provisioning_ironic_node">
      <title>Section 1 (nice)</title>
      <p>
       Full of me.
      </p>
      <note type="tip">YOU COULD HAVE WAITED</note>
    </section>
    <section id="provisioning_ilonic_node">
      <p>
      <b>Less nice</b> </p>
      <p>
       Full of me2.
      </p>
    </section>
    <section id="yolo">
      <p>
       Not nice. Full of me3.
      </p>
    </section>
    <section>
      <p>
       Not nice. Full of me5.
      </p>
    </section>
  </body>
</topic>

