<?xml version="1.0" encoding="UTF-8"?>
<!--Edit status: not edited-->
<!DOCTYPE topic PUBLIC "-//OASIS//DTD DITA Topic//EN" "topic.dtd">
<topic id="config_3par">
  <title><ph conkeyref="HOS-conrefs/product-title"/>Configuring for 3PAR Block Storage
    Backend</title>
  <abstract><shortdesc outputclass="hdphidden">Installation and configuration steps for your 3PAR
      backend.</shortdesc>This page describes how to configure your 3PAR backend for the HPE Helion
    Entry-scale with KVM cloud model. It consists of the following steps:</abstract>
  <body><!--not tested-->
    <p conkeyref="HOS-conrefs/applies-to"/>
    <section id="expandCollapse">
      <sectiondiv outputclass="expandall">Expand All Sections</sectiondiv>
      <sectiondiv outputclass="collapseall">Collapse All Sections</sectiondiv>
    </section>
    <section id="prereqs">
      <title outputclass="headerH">Prerequisites</title>
      <sectiondiv outputclass="insideSection">
        <ul>
          <li>You must have the license for the following software before you start your 3PAR
            backend configuration for the Helion Entry-scale with KVM cloud model:<ul
              id="ul_b11_g23_nw">
              <li>
                <p>Thin Provisioning</p>
              </li>
              <li>Virtual Copy</li>
              <li>
                <p>System Reporter</p>
              </li>
              <li>
                <p>Dynamic Optimization </p>
              </li>
              <li>
                <p>Priority Optimization </p>
              </li>
            </ul></li>
          <li>Your HPE Helion Entry-scale KVM Cloud should be up and running. Installation steps can
            be found <xref href="installing_kvm.xml">here</xref>.</li>
          <li>Your 3PAR Storage Array should be available in the cloud management network or routed
            to the cloud management network and the 3PAR FC and iSCSI ports configured.</li>
          <li>The 3PAR management IP and iSCSI port IPs must have connectivity from the controller
            and compute nodes.</li>
          <li>Please refer to the system requirements for 3PAR in the OpenStack configuration guide,
            which can be found here: <xref
              href="http://docs.openstack.org/liberty/config-reference/content/hp-3par-sys-reqs.html"
              scope="external" format="html">3PAR System Requirements</xref>.</li>
        </ul>
      </sectiondiv>
    </section>
  </body>
</topic>

