<?xml version="1.0"?>
<!DOCTYPE chapter [
 <!ENTITY % entities SYSTEM "entities.ent"> %entities;
]>
<chapter xmlns="http://docbook.org/ns/docbook" xmlns:xi="http://www.w3.org/2001/XInclude" xmlns:xlink="http://www.w3.org/1999/xlink" xml:id="idg-repro-repro-note-xml-1">
 <title>Thinking about death</title>
 <section xmlns="http://docbook.org/ns/docbook" xmlns:xi="http://www.w3.org/2001/XInclude" xmlns:xlink="http://www.w3.org/1999/xlink"  xml:id="idg-repro-repro-note-xml-2">
  <title>And when you finally came up, there would still be no chances for you</title>
  <orderedlist>
   <listitem>
    <para>
     Charlotta,
    </para>
<screen>you could have locked yourself up for ten years or so</screen>
    <warning>
     <para>
      RUNNING AROUND WITH FELICIA!
     </para>
    </warning>
   </listitem>
   <listitem>
<screen>when i grow up i want to be a forrester &amp;</screen>
    <warning>
     <para>
      RUN THRU THE MOSS ON HI HEELS!
     </para>
    </warning>
    <warning>
     <para>
      LAST NITE I DRU A FUNNY MAN WITH DARK I'S &amp; A HANGING TONGUE
     </para>
    </warning>
   </listitem>
  </orderedlist>
  <warning>
   <para>
    IT GOES WAY BACK
   </para>
  </warning>
  <tip>
   <para>
    YOU COULD HAVE WAITED
   </para>
  </tip>
 </section>
<!--fuckwhat? tpl=1-->
</chapter>
