<?xml version="1.0"?>
<!DOCTYPE chapter [
 <!ENTITY % entities SYSTEM "entities.ent"> %entities;
]>
<chapter xmlns="http://docbook.org/ns/docbook" xmlns:xi="http://www.w3.org/2001/XInclude" xmlns:xlink="http://www.w3.org/1999/xlink" xml:id="idg-repro-repro-sidebar-xml-1">
 <title>Thinking about death</title>
 <section xmlns="http://docbook.org/ns/docbook" xmlns:xi="http://www.w3.org/2001/XInclude" xmlns:xlink="http://www.w3.org/1999/xlink"  xml:id="idg-repro-repro-sidebar-xml-2">
  <title>Section 1 (nice)</title>
  <para>
   Full of me.
  </para>
  <tip>
   <para>
    YOU COULD HAVE WAITED
   </para>
  </tip>
 </section>
<!--fuckwhat? tpl=1-->
 <section xmlns="http://docbook.org/ns/docbook" xmlns:xi="http://www.w3.org/2001/XInclude" xmlns:xlink="http://www.w3.org/1999/xlink"  xml:id="provisioning_ilonic_node">
  <title/>
  <para>
   <emphasis role="bold">Less nice</emphasis>
  </para>
  <para>
   Full of me2.
  </para>
 </section>
<!--fuckwhat? tpl=3-->
 <section xmlns="http://docbook.org/ns/docbook" xmlns:xi="http://www.w3.org/2001/XInclude" xmlns:xlink="http://www.w3.org/1999/xlink"  xml:id="yolo">
  <title/>
  <para>
   Not nice. Full of me3.
  </para>
 </section>
<!--fuckwhat? tpl=3-->
 <section xmlns="http://docbook.org/ns/docbook" xmlns:xi="http://www.w3.org/2001/XInclude" xmlns:xlink="http://www.w3.org/1999/xlink" >
  <title/>
  <para>
   Not nice. Full of me5.
  </para>
 </section>
<!--fuckwhat? tpl=3-->
</chapter>
