<?xml version="1.0"?>
<!--Edit status: not edited-->
<topic xmlns:ditaarch="http://dita.oasis-open.org/architecture/2005/" xmlns="" id="config_3par" ditaarch:DITAArchVersion="1.0" domains="(topic ui-d) (topic hi-d) (topic pr-d) (topic sw-d)                          (topic ut-d)" class="- topic/topic ">
  <title class="- topic/title "><ph conkeyref="HOS-conrefs/product-title" class="- topic/ph "/>Configuring for 3PAR Block Storage
    Backend</title>
  <abstract><shortdesc outputclass="hdphidden" class="- topic/shortdesc ">Installation and configuration steps for your 3PAR
      backend.</shortdesc>This page describes how to configure your 3PAR backend for the HPE Helion
    Entry-scale with KVM cloud model. It consists of the following steps:</abstract>
  <body class="- topic/body "><!--not tested-->
    <p conkeyref="HOS-conrefs/applies-to" class="- topic/p "/>
    <section id="expandCollapse" class="- topic/section ">
      <sectiondiv outputclass="expandall">Expand All Sections</sectiondiv>
      <sectiondiv outputclass="collapseall">Collapse All Sections</sectiondiv>
    </section>
    <section id="prereqs" class="- topic/section ">
      <title outputclass="headerH" class="- topic/title ">Prerequisites</title>
      <sectiondiv outputclass="insideSection">
        <ul class="- topic/ul ">
          <li class="- topic/li ">You must have the license for the following software before you start your 3PAR
            backend configuration for the Helion Entry-scale with KVM cloud model:<ul id="ul_b11_g23_nw" class="- topic/ul ">
              <li class="- topic/li ">
                <p class="- topic/p ">Thin Provisioning</p>
              </li>
              <li class="- topic/li ">Virtual Copy</li>
              <li class="- topic/li ">
                <p class="- topic/p ">System Reporter</p>
              </li>
              <li class="- topic/li ">
                <p class="- topic/p ">Dynamic Optimization </p>
              </li>
              <li class="- topic/li ">
                <p class="- topic/p ">Priority Optimization </p>
              </li>
            </ul></li>
          <li class="- topic/li ">Your HPE Helion Entry-scale KVM Cloud should be up and running. Installation steps can
            be found <xref href="installing_kvm.xml" class="- topic/xref ">here</xref>.</li>
          <li class="- topic/li ">Your 3PAR Storage Array should be available in the cloud management network or routed
            to the cloud management network and the 3PAR FC and iSCSI ports configured.</li>
          <li class="- topic/li ">The 3PAR management IP and iSCSI port IPs must have connectivity from the controller
            and compute nodes.</li>
          <li class="- topic/li ">Please refer to the system requirements for 3PAR in the OpenStack configuration guide,
            which can be found here: <xref href="http://docs.openstack.org/liberty/config-reference/content/hp-3par-sys-reqs.html" scope="external" format="html" class="- topic/xref ">3PAR System Requirements</xref>.</li>
        </ul>
      </sectiondiv>
    </section>
  </body>
</topic>
