<?xml version="1.0"?>
<topic xmlns:ditaarch="http://dita.oasis-open.org/architecture/2005/" xmlns="" id="idg-repro-repro-sidebar-xml-1" ditaarch:DITAArchVersion="1.0" domains="(topic ui-d) (topic hi-d) (topic pr-d) (topic sw-d)                          (topic ut-d)" class="- topic/topic ">
  <title class="- topic/title ">Thinking about death</title>
  <body class="- topic/body ">

    <section id="idg-repro-repro-sidebar-xml-2" class="- topic/section ">
      <title class="- topic/title ">Section 1 (nice)</title>
      <p class="- topic/p ">
       Full of me.
      </p>
      <note type="tip" class="- topic/note ">YOU COULD HAVE WAITED</note>
    </section>
    <section id="provisioning_ilonic_node" class="- topic/section ">
      <p class="- topic/p ">
      <b class="+ topic/ph hi-d/b ">Less nice</b> </p>
      <p class="- topic/p ">
       Full of me2.
      </p>
    </section>
    <section id="yolo" class="- topic/section ">
      <p class="- topic/p ">
       Not nice. Full of me3.
      </p>
    </section>
    <section class="- topic/section ">
      <p class="- topic/p ">
       Not nice. Full of me5.
      </p>
    </section>
  </body>
</topic>
