<?xml version="1.0"?>
<topic xmlns:ditaarch="http://dita.oasis-open.org/architecture/2005/" xmlns="" id="idg-repro-repro-note-xml-1" ditaarch:DITAArchVersion="1.0" domains="(topic ui-d) (topic hi-d) (topic pr-d) (topic sw-d)                          (topic ut-d)" class="- topic/topic ">
  <title class="- topic/title ">Thinking about death</title>
  <body class="- topic/body ">

    <section id="idg-repro-repro-note-xml-2" class="- topic/section ">
      <title class="- topic/title ">And when you finally came up, there would still be no chances for you</title>
      <p class="- topic/p ">
        <ol class="- topic/ol ">
          <li class="- topic/li ">Charlotta,
            <codeblock xml:space="preserve" class="+ topic/pre pr-d/codeblock ">you could have locked yourself up for ten years or so</codeblock>
            <p class="- topic/p ">
              <note type="warning" class="- topic/note ">RUNNING AROUND WITH FELICIA!</note>
            </p>
          </li>
          <li class="- topic/li ">
            <codeblock xml:space="preserve" class="+ topic/pre pr-d/codeblock ">when i grow up i want to be a forrester &amp;</codeblock>
            <p class="- topic/p ">
              <note type="warning" class="- topic/note ">RUN THRU THE MOSS ON HI HEELS!</note>
            </p>
            <note type="warning" class="- topic/note ">LAST NITE I DRU A FUNNY MAN WITH DARK I'S &amp; A HANGING TONGUE</note>
          </li>
        </ol>
      </p>
      <note type="warning" class="- topic/note ">IT GOES WAY BACK</note>
      <note class="- topic/note ">FROM OFF TO ON MAKING SURE THAT THE TV IS ON</note>
      <note type="bar" class="- topic/note ">FROM OFF TO ON MAKING SURE THAT THE TV IS ON</note>
      <note type="tip" class="- topic/note ">YOU COULD HAVE WAITED</note>
    </section>
  </body>
</topic>
